{
    "accuracy": 0.8582773365913255,
    "precision": 0.47706422018348627,
    "recall": 0.46846846846846846,
    "auc": 0.7252188584344061
}
